Aether Wings,,h
Baymax,,h
Code Cluster,,h
GENESIS,,h
HearWell,,h
Ignitron,,h
Kirthana J L,,h
Pothole Patrol(tanmanyee muppuri),,h
Scuffed Engineering,,h
Tesla Core,,h
LARK Gen-1,,h
geekhogs,,h
rsdiwagar,,h
Insight Syndicate,,h
Team AD,,h
AGRONOVA,,s
Agro4,,s
Alpha,,s
BoredMass,,s
DeFi Syndicates,,s
Elevate,,s
FaultLine,,s
Fulcrum,,s
GARUDA,,s
HASSIN,,s
Hackstreet Boys,,s
HeX,,s
IntruderX,,s
LuminaForge,,s
MEDIC4,,s
MSN,,s
Mavericks,,s
Medi Bridge,,s
Neural Nomads,,s
Neuron,,s
No Signal,,s
PITCH PERFECT,,s
Pineapples,,s
Sethikarmansingh,,s
Signotech,,s
Snorlax,,s
TIPS,,s
Team Astrax,,s
Technovators,,s
Thermalogic,,s
Wi - Fight Club,,s
Concept Crew,,s
NEURAL NINJAS,,s
Chill_Guyzzz™,,s
Four-Sight,,s
team_name,,
Team-NEJCY5,,